name,qualification,skills,experience,description,role,contact,email,recommend_desc
Samuel Shepherd,M.Sc,"SIEM, OWASP",14,"Cybersecurity expert proficient in SIEM, OWASP to protect organizational assets",Security Analyst,220.725.6257x91689,jenkinsjessica@example.net,"cybersecurity expert proficient in siem, owasp to protect organizational assets siem owasp"
Gary Young,M.Sc,"JavaScript, Vue.js, Angular",19,"Skilled in creating responsive and interactive UIs using JavaScript, Vue.js, Angular with attention to design principles",Frontend Developer,001-382-517-4065x34675,hunterchristopher@example.net,"skilled in creating responsive and interactive uis using javascript, vue.js, angular with attention to design principles javascript vue.js angular"
Ian Hernandez,B.E,"MySQL, SQL, MongoDB",19,"Expert in database design, optimization, and maintenance using MySQL, SQL, MongoDB",Database Administrator,735-717-0477,bsmith@example.net,"expert in database design, optimization, and maintenance using mysql, sql, mongodb mysql sql mongodb"
Nicole Holmes,B.Sc,"CCNA, Switching",8,"Skilled in designing and maintaining network infrastructure with CCNA, Switching",Network Engineer,001-818-863-6007x3938,acook@example.com,"skilled in designing and maintaining network infrastructure with ccna, switching ccna switching"
Wanda Carlson,PhD,"JavaScript, HTML/CSS",11,"Skilled in creating responsive and interactive UIs using JavaScript, HTML/CSS with attention to design principles",Frontend Developer,263-969-7346x42821,scottsolomon@example.net,"skilled in creating responsive and interactive uis using javascript, html/css with attention to design principles javascript html/css"
Carolyn Harris,MBA,"Adobe XD, Wireframing, Sketch",2,"Creative professional skilled in Adobe XD, Wireframing, Sketch with strong user-centered design approach",UI/UX Designer,(979)637-3826,jasonwelch@example.org,"creative professional skilled in adobe xd, wireframing, sketch with strong user-centered design approach adobe xd wireframing sketch"
Pamela Spencer,M.Sc,"JavaScript, Angular, HTML/CSS",3,"Skilled in creating responsive and interactive UIs using JavaScript, Angular, HTML/CSS with attention to design principles",Frontend Developer,001-930-280-0244x2104,denise43@example.com,"skilled in creating responsive and interactive uis using javascript, angular, html/css with attention to design principles javascript angular html/css"
Brenda Watts,B.Sc,"CCNA, Switching",13,"Skilled in designing and maintaining network infrastructure with CCNA, Switching",Network Engineer,+1-777-695-5219,heatherkelley@example.com,"skilled in designing and maintaining network infrastructure with ccna, switching ccna switching"
Joshua Cantu,M.Sc,"Bash, Windows Server, PowerShell",1,"Expert in system maintenance and troubleshooting using Bash, Windows Server, PowerShell",System Administrator,(977)372-4150,deanscott@example.net,"expert in system maintenance and troubleshooting using bash, windows server, powershell bash windows server powershell"
Rachel Nelson,M.Tech,"Cybersecurity, SIEM, Penetration Testing",10,"Cybersecurity expert proficient in Cybersecurity, SIEM, Penetration Testing to protect organizational assets",Security Analyst,001-285-456-5253,gvalentine@example.com,"cybersecurity expert proficient in cybersecurity, siem, penetration testing to protect organizational assets cybersecurity siem penetration testing"
Christopher Wilson,B.E,"Docker, AWS, Kubernetes, Jenkins",16,"Experienced in implementing CI/CD pipelines and cloud infrastructure with Docker, AWS, Kubernetes, Jenkins",DevOps Engineer,864.696.2985,rmayo@example.org,"experienced in implementing ci/cd pipelines and cloud infrastructure with docker, aws, kubernetes, jenkins docker aws kubernetes jenkins"
Deanna Rubio,MBA,"Azure, Cloud Formation, GCP",4,"Skilled in designing and implementing cloud solutions using Azure, Cloud Formation, GCP for enterprise applications",Cloud Architect,(971)377-4674x5924,ginarobinson@example.org,"skilled in designing and implementing cloud solutions using azure, cloud formation, gcp for enterprise applications azure cloud formation gcp"
Natasha Maxwell,PhD,"PyTorch, Python, TensorFlow",6,"Specialized in developing and deploying ML models using PyTorch, Python, TensorFlow for real-world applications",Machine Learning Engineer,001-242-770-9248,gloria60@example.org,"specialized in developing and deploying ml models using pytorch, python, tensorflow for real-world applications pytorch python tensorflow"
Mark Pena,B.Tech,"JavaScript, HTML/CSS",7,"Skilled in creating responsive and interactive UIs using JavaScript, HTML/CSS with attention to design principles",Frontend Developer,001-793-943-6950,theresa22@example.org,"skilled in creating responsive and interactive uis using javascript, html/css with attention to design principles javascript html/css"
Jonathan Gaines,B.Tech,"AWS, Cloud Formation, Azure",1,"Skilled in designing and implementing cloud solutions using AWS, Cloud Formation, Azure for enterprise applications",Cloud Architect,462.873.4855x913,yorkcheryl@example.org,"skilled in designing and implementing cloud solutions using aws, cloud formation, azure for enterprise applications aws cloud formation azure"
Elaine Allen,MBA,"React, Angular, Vue.js, HTML/CSS",8,"Skilled in creating responsive and interactive UIs using React, Angular, Vue.js, HTML/CSS with attention to design principles",Frontend Developer,2993173690,russellcolin@example.org,"skilled in creating responsive and interactive uis using react, angular, vue.js, html/css with attention to design principles react angular vue.js html/css"
Paul Marshall,M.Sc,"Spring Boot, C++, Python",18,"Experienced in developing robust applications using Spring Boot, C++, Python with strong problem-solving skills",Software Developer,(324)258-4817,iwright@example.net,"experienced in developing robust applications using spring boot, c++, python with strong problem-solving skills spring boot c++ python"
Gregory Alexander,MCA,"Django, MERN Stack, Python",2,"Proficient in both frontend and backend development using Django, MERN Stack, Python to deliver complete solutions",Full Stack Developer,(402)908-5098x7952,meganwilson@example.com,"proficient in both frontend and backend development using django, mern stack, python to deliver complete solutions django mern stack python"
Krystal Edwards,B.Tech,"Networking, PowerShell",8,"Expert in system maintenance and troubleshooting using Networking, PowerShell",System Administrator,982.720.3053,amberneal@example.org,"expert in system maintenance and troubleshooting using networking, powershell networking powershell"
James Ward,M.Sc,"Vue.js, React, HTML/CSS, Angular",9,"Skilled in creating responsive and interactive UIs using Vue.js, React, HTML/CSS, Angular with attention to design principles",Frontend Developer,+1-944-426-2668,tracey75@example.org,"skilled in creating responsive and interactive uis using vue.js, react, html/css, angular with attention to design principles vue.js react html/css angular"
Jeffrey Adams,B.E,"Windows Server, PowerShell",16,"Expert in system maintenance and troubleshooting using Windows Server, PowerShell",System Administrator,649.965.2704x38448,david94@example.com,"expert in system maintenance and troubleshooting using windows server, powershell windows server powershell"
Jeffrey Jones,B.Tech,"Manual Testing, Selenium, Cypress",1,"Detail-oriented professional skilled in Manual Testing, Selenium, Cypress ensuring software quality and reliability",QA Engineer,001-531-379-8080x3280,edwarddavis@example.com,"detail-oriented professional skilled in manual testing, selenium, cypress ensuring software quality and reliability manual testing selenium cypress"
Sara Martin,M.Tech,"CCNA, Routing, Firewalls, Switching",3,"Skilled in designing and maintaining network infrastructure with CCNA, Routing, Firewalls, Switching",Network Engineer,550.341.1580,rachel92@example.com,"skilled in designing and maintaining network infrastructure with ccna, routing, firewalls, switching ccna routing firewalls switching"
Larry Fuentes,B.Tech,"Azure, AWS, GCP",18,"Skilled in designing and implementing cloud solutions using Azure, AWS, GCP for enterprise applications",Cloud Architect,518.280.0691x1783,johnsonrichard@example.net,"skilled in designing and implementing cloud solutions using azure, aws, gcp for enterprise applications azure aws gcp"
Gregory Kelley,B.Tech,"Routing, Firewalls, Switching, CCNA",8,"Skilled in designing and maintaining network infrastructure with Routing, Firewalls, Switching, CCNA",Network Engineer,827-223-5992,cindywalton@example.com,"skilled in designing and maintaining network infrastructure with routing, firewalls, switching, ccna routing firewalls switching ccna"
Kristina Robles,M.Sc,"Ethical Hacking, OWASP",18,"Cybersecurity expert proficient in Ethical Hacking, OWASP to protect organizational assets",Security Analyst,(248)556-9536x43157,archerdiana@example.net,"cybersecurity expert proficient in ethical hacking, owasp to protect organizational assets ethical hacking owasp"
Cody Hernandez,MBA,"CI/CD, Docker, Jenkins, Kubernetes",14,"Experienced in implementing CI/CD pipelines and cloud infrastructure with CI/CD, Docker, Jenkins, Kubernetes",DevOps Engineer,461.498.3124x361,lucasmichael@example.org,"experienced in implementing ci/cd pipelines and cloud infrastructure with ci/cd, docker, jenkins, kubernetes ci/cd docker jenkins kubernetes"
Jesus Mendoza,M.Tech,"Django, Flask, PHP",5,"Specialized in building scalable server-side applications with Django, Flask, PHP and database management",Backend Developer,377-203-5265x69657,anthony91@example.com,"specialized in building scalable server-side applications with django, flask, php and database management django flask php"
Danny Carroll,M.Sc,"Python, Power BI, Tableau, Excel",13,"Adept at transforming data into actionable insights using Python, Power BI, Tableau, Excel with strong visualization skills",Data Analyst,001-540-561-2441x786,frazierbrittney@example.com,"adept at transforming data into actionable insights using python, power bi, tableau, excel with strong visualization skills python power bi tableau excel"
Nicole Heath,M.Sc,"PostgreSQL, SQL, MongoDB, Oracle",14,"Expert in database design, optimization, and maintenance using PostgreSQL, SQL, MongoDB, Oracle",Database Administrator,001-811-585-3359x6223,imurphy@example.com,"expert in database design, optimization, and maintenance using postgresql, sql, mongodb, oracle postgresql sql mongodb oracle"
Nicole Freeman,M.Sc,"PyTorch, TensorFlow, Machine Learning",20,"Expert in analyzing complex datasets and building predictive models using PyTorch, TensorFlow, Machine Learning",Data Scientist,863-494-6642x56951,amanda53@example.net,"expert in analyzing complex datasets and building predictive models using pytorch, tensorflow, machine learning pytorch tensorflow machine learning"
Margaret Park,B.E,"Keras, TensorFlow, PyTorch",17,"Specialized in developing and deploying ML models using Keras, TensorFlow, PyTorch for real-world applications",Machine Learning Engineer,001-913-277-6288x76495,murphyerica@example.org,"specialized in developing and deploying ml models using keras, tensorflow, pytorch for real-world applications keras tensorflow pytorch"
Marc Harris,BCA,"Machine Learning, Python, R, PyTorch",20,"Expert in analyzing complex datasets and building predictive models using Machine Learning, Python, R, PyTorch",Data Scientist,001-900-850-3094x53538,balvarado@example.com,"expert in analyzing complex datasets and building predictive models using machine learning, python, r, pytorch machine learning python r pytorch"
Melissa Pham,M.Sc,"PyTorch, Machine Learning",16,"Expert in analyzing complex datasets and building predictive models using PyTorch, Machine Learning",Data Scientist,754.831.9099x90814,ann04@example.org,"expert in analyzing complex datasets and building predictive models using pytorch, machine learning pytorch machine learning"
Ashley Murillo,B.E,"Bash, PowerShell, Linux",12,"Expert in system maintenance and troubleshooting using Bash, PowerShell, Linux",System Administrator,541.551.6471x030,kray@example.org,"expert in system maintenance and troubleshooting using bash, powershell, linux bash powershell linux"
Holly Mcbride,PhD,"OWASP, Ethical Hacking",12,"Cybersecurity expert proficient in OWASP, Ethical Hacking to protect organizational assets",Security Analyst,886-541-5146,corey15@example.com,"cybersecurity expert proficient in owasp, ethical hacking to protect organizational assets owasp ethical hacking"
Julie Collins,M.Sc,"VPN, Switching, CCNA",19,"Skilled in designing and maintaining network infrastructure with VPN, Switching, CCNA",Network Engineer,(958)602-8530,stephensalison@example.net,"skilled in designing and maintaining network infrastructure with vpn, switching, ccna vpn switching ccna"
Michael Luna,B.Tech,"SQL, Oracle, PostgreSQL",3,"Expert in database design, optimization, and maintenance using SQL, Oracle, PostgreSQL",Database Administrator,+1-716-388-4063,scottsummers@example.org,"expert in database design, optimization, and maintenance using sql, oracle, postgresql sql oracle postgresql"
Jessica Phelps,B.Tech,"React, HTML/CSS",6,"Skilled in creating responsive and interactive UIs using React, HTML/CSS with attention to design principles",Frontend Developer,+1-299-908-0053,juliescott@example.org,"skilled in creating responsive and interactive uis using react, html/css with attention to design principles react html/css"
Mark Guerra,M.Sc,"PHP, Ruby on Rails",19,"Specialized in building scalable server-side applications with PHP, Ruby on Rails and database management",Backend Developer,2032739052,daltonroth@example.net,"specialized in building scalable server-side applications with php, ruby on rails and database management php ruby on rails"
Luke Ramos,B.Sc,"Manual Testing, JUnit, Cypress, TestNG",18,"Detail-oriented professional skilled in Manual Testing, JUnit, Cypress, TestNG ensuring software quality and reliability",QA Engineer,796.723.9781,obaker@example.net,"detail-oriented professional skilled in manual testing, junit, cypress, testng ensuring software quality and reliability manual testing junit cypress testng"
Luis Miller,MCA,"Ethical Hacking, Penetration Testing, Cybersecurity",7,"Cybersecurity expert proficient in Ethical Hacking, Penetration Testing, Cybersecurity to protect organizational assets",Security Analyst,001-835-212-6530x54642,williamskristen@example.org,"cybersecurity expert proficient in ethical hacking, penetration testing, cybersecurity to protect organizational assets ethical hacking penetration testing cybersecurity"
Danielle Wilson,M.Sc,"Django, Ruby on Rails, Flask",9,"Specialized in building scalable server-side applications with Django, Ruby on Rails, Flask and database management",Backend Developer,418-296-5242x1910,jasonallen@example.org,"specialized in building scalable server-side applications with django, ruby on rails, flask and database management django ruby on rails flask"
Paula Fox,MBA,"R, PyTorch, Python, TensorFlow",4,"Expert in analyzing complex datasets and building predictive models using R, PyTorch, Python, TensorFlow",Data Scientist,303.526.8832,charleswilliams@example.com,"expert in analyzing complex datasets and building predictive models using r, pytorch, python, tensorflow r pytorch python tensorflow"
Michelle Myers,M.Sc,"PostgreSQL, MongoDB",1,"Expert in database design, optimization, and maintenance using PostgreSQL, MongoDB",Database Administrator,001-462-309-3382x329,sabrinamoody@example.com,"expert in database design, optimization, and maintenance using postgresql, mongodb postgresql mongodb"
Maurice Taylor,MBA,"JavaScript, Python, MEAN Stack",10,"Proficient in both frontend and backend development using JavaScript, Python, MEAN Stack to deliver complete solutions",Full Stack Developer,628-730-7692x42663,robertsonanna@example.net,"proficient in both frontend and backend development using javascript, python, mean stack to deliver complete solutions javascript python mean stack"
Cheryl Fleming,MCA,"AWS, Azure, GCP",2,"Skilled in designing and implementing cloud solutions using AWS, Azure, GCP for enterprise applications",Cloud Architect,(577)471-0328,robertbowman@example.net,"skilled in designing and implementing cloud solutions using aws, azure, gcp for enterprise applications aws azure gcp"
Danielle Washington,MBA,"Cloud Formation, GCP, Terraform, Azure",5,"Skilled in designing and implementing cloud solutions using Cloud Formation, GCP, Terraform, Azure for enterprise applications",Cloud Architect,+1-344-625-7730x92531,hannah99@example.org,"skilled in designing and implementing cloud solutions using cloud formation, gcp, terraform, azure for enterprise applications cloud formation gcp terraform azure"
Savannah Hale,M.Sc,"Tableau, Excel, Python, SQL",20,"Adept at transforming data into actionable insights using Tableau, Excel, Python, SQL with strong visualization skills",Data Analyst,+1-259-527-2099,andrewjones@example.net,"adept at transforming data into actionable insights using tableau, excel, python, sql with strong visualization skills tableau excel python sql"
Cynthia Henry,B.Tech,"CCNA, Switching, VPN",10,"Skilled in designing and maintaining network infrastructure with CCNA, Switching, VPN",Network Engineer,+1-930-509-3681x6199,christy41@example.org,"skilled in designing and maintaining network infrastructure with ccna, switching, vpn ccna switching vpn"
Anita Pena,B.E,"MongoDB, Oracle, PostgreSQL",9,"Expert in database design, optimization, and maintenance using MongoDB, Oracle, PostgreSQL",Database Administrator,+1-900-835-6085x9546,william39@example.org,"expert in database design, optimization, and maintenance using mongodb, oracle, postgresql mongodb oracle postgresql"
Lisa Patel,M.Tech,"MySQL, SQL, Oracle, MongoDB",13,"Expert in database design, optimization, and maintenance using MySQL, SQL, Oracle, MongoDB",Database Administrator,+1-544-771-4635x0996,aliciacross@example.net,"expert in database design, optimization, and maintenance using mysql, sql, oracle, mongodb mysql sql oracle mongodb"
Theodore Middleton,BCA,"JUnit, Selenium, Cypress, TestNG",1,"Detail-oriented professional skilled in JUnit, Selenium, Cypress, TestNG ensuring software quality and reliability",QA Engineer,5024205767,youngethan@example.com,"detail-oriented professional skilled in junit, selenium, cypress, testng ensuring software quality and reliability junit selenium cypress testng"
Amber Lewis,M.Sc,"MEAN Stack, Python, MERN Stack",14,"Proficient in both frontend and backend development using MEAN Stack, Python, MERN Stack to deliver complete solutions",Full Stack Developer,001-262-691-5499x01241,tpowell@example.com,"proficient in both frontend and backend development using mean stack, python, mern stack to deliver complete solutions mean stack python mern stack"
Karen Chapman,MBA,"Kubernetes, AWS, Jenkins",20,"Experienced in implementing CI/CD pipelines and cloud infrastructure with Kubernetes, AWS, Jenkins",DevOps Engineer,+1-988-839-5994x980,blackdeborah@example.com,"experienced in implementing ci/cd pipelines and cloud infrastructure with kubernetes, aws, jenkins kubernetes aws jenkins"
Laura Lewis,PhD,"PyTorch, Scikit-learn, Python",7,"Specialized in developing and deploying ML models using PyTorch, Scikit-learn, Python for real-world applications",Machine Learning Engineer,001-705-476-7024x54519,ryan94@example.net,"specialized in developing and deploying ml models using pytorch, scikit-learn, python for real-world applications pytorch scikit-learn python"
Nicole Rhodes,MCA,"Kotlin, Swift",12,"Experienced in building cross-platform mobile applications using Kotlin, Swift",Mobile App Developer,(730)407-6457x82084,kellydustin@example.net,"experienced in building cross-platform mobile applications using kotlin, swift kotlin swift"
Micheal Hernandez,M.Tech,"Cypress, JUnit, Selenium",8,"Detail-oriented professional skilled in Cypress, JUnit, Selenium ensuring software quality and reliability",QA Engineer,001-583-813-2118x2142,michelle37@example.org,"detail-oriented professional skilled in cypress, junit, selenium ensuring software quality and reliability cypress junit selenium"
Cynthia Torres,B.Tech,"Terraform, Azure, Cloud Formation, AWS",7,"Skilled in designing and implementing cloud solutions using Terraform, Azure, Cloud Formation, AWS for enterprise applications",Cloud Architect,805.956.9405,david78@example.com,"skilled in designing and implementing cloud solutions using terraform, azure, cloud formation, aws for enterprise applications terraform azure cloud formation aws"
Kelly May,B.E,"Adobe XD, Sketch, UI/UX Design, Wireframing",11,"Creative professional skilled in Adobe XD, Sketch, UI/UX Design, Wireframing with strong user-centered design approach",UI/UX Designer,902.649.8317x18535,hannah38@example.org,"creative professional skilled in adobe xd, sketch, ui/ux design, wireframing with strong user-centered design approach adobe xd sketch ui/ux design wireframing"
Jessica Foster,MBA,"Firewalls, Routing, Switching",7,"Skilled in designing and maintaining network infrastructure with Firewalls, Routing, Switching",Network Engineer,(534)381-3958,vjones@example.com,"skilled in designing and maintaining network infrastructure with firewalls, routing, switching firewalls routing switching"
Dr. Kristin Guzman DDS,M.Sc,"Bash, Linux, Networking",17,"Expert in system maintenance and troubleshooting using Bash, Linux, Networking",System Administrator,001-202-232-9587x5454,william12@example.org,"expert in system maintenance and troubleshooting using bash, linux, networking bash linux networking"
Bruce Hunter,BCA,"JavaScript, Python, Django, MEAN Stack",17,"Proficient in both frontend and backend development using JavaScript, Python, Django, MEAN Stack to deliver complete solutions",Full Stack Developer,(335)211-1893x8099,tony85@example.com,"proficient in both frontend and backend development using javascript, python, django, mean stack to deliver complete solutions javascript python django mean stack"
James Wilson,MCA,"Azure, AWS, Cloud Formation, Terraform",9,"Skilled in designing and implementing cloud solutions using Azure, AWS, Cloud Formation, Terraform for enterprise applications",Cloud Architect,(944)946-2864,swood@example.com,"skilled in designing and implementing cloud solutions using azure, aws, cloud formation, terraform for enterprise applications azure aws cloud formation terraform"
Todd Cervantes,M.Sc,"Cybersecurity, SIEM",3,"Cybersecurity expert proficient in Cybersecurity, SIEM to protect organizational assets",Security Analyst,276-470-4931,ccortez@example.net,"cybersecurity expert proficient in cybersecurity, siem to protect organizational assets cybersecurity siem"
Jordan Thomas,MCA,"Dart, React Native, Kotlin, Flutter",19,"Experienced in building cross-platform mobile applications using Dart, React Native, Kotlin, Flutter",Mobile App Developer,578.683.0359x268,jenniferflowers@example.com,"experienced in building cross-platform mobile applications using dart, react native, kotlin, flutter dart react native kotlin flutter"
Lauren Gonzales,BCA,"Routing, Switching, VPN",9,"Skilled in designing and maintaining network infrastructure with Routing, Switching, VPN",Network Engineer,411.752.4467,mollylopez@example.net,"skilled in designing and maintaining network infrastructure with routing, switching, vpn routing switching vpn"
Thomas Campbell PhD,B.Sc,"Java, Python",13,"Experienced in developing robust applications using Java, Python with strong problem-solving skills",Software Developer,893-914-6566x464,zachary05@example.com,"experienced in developing robust applications using java, python with strong problem-solving skills java python"
Nicole Pena,M.Sc,"TestNG, JUnit, Cypress, Manual Testing",9,"Detail-oriented professional skilled in TestNG, JUnit, Cypress, Manual Testing ensuring software quality and reliability",QA Engineer,(940)466-7645x1520,mayamanda@example.net,"detail-oriented professional skilled in testng, junit, cypress, manual testing ensuring software quality and reliability testng junit cypress manual testing"
Tina Alexander,B.Sc,"Python, Tableau, SQL, Excel",8,"Adept at transforming data into actionable insights using Python, Tableau, SQL, Excel with strong visualization skills",Data Analyst,(826)316-7940,stephanie79@example.net,"adept at transforming data into actionable insights using python, tableau, sql, excel with strong visualization skills python tableau sql excel"
Brandon Obrien,M.Sc,"Linux, Networking, Bash",2,"Expert in system maintenance and troubleshooting using Linux, Networking, Bash",System Administrator,(839)656-0025x41765,ogregory@example.org,"expert in system maintenance and troubleshooting using linux, networking, bash linux networking bash"
Christy Brown,B.E,"Cloud Formation, GCP, AWS",20,"Skilled in designing and implementing cloud solutions using Cloud Formation, GCP, AWS for enterprise applications",Cloud Architect,(691)645-4084x181,nicole52@example.com,"skilled in designing and implementing cloud solutions using cloud formation, gcp, aws for enterprise applications cloud formation gcp aws"
Carlos Washington,B.E,"TensorFlow, Python",11,"Specialized in developing and deploying ML models using TensorFlow, Python for real-world applications",Machine Learning Engineer,834.950.9391x7061,vorozco@example.org,"specialized in developing and deploying ml models using tensorflow, python for real-world applications tensorflow python"
Jessica Obrien MD,M.Tech,"MySQL, Oracle, MongoDB, SQL",7,"Expert in database design, optimization, and maintenance using MySQL, Oracle, MongoDB, SQL",Database Administrator,(294)600-3783,littlejohn@example.org,"expert in database design, optimization, and maintenance using mysql, oracle, mongodb, sql mysql oracle mongodb sql"
Alexander Gillespie III,PhD,"HTML/CSS, React",8,"Skilled in creating responsive and interactive UIs using HTML/CSS, React with attention to design principles",Frontend Developer,685.356.9106,robertsluis@example.com,"skilled in creating responsive and interactive uis using html/css, react with attention to design principles html/css react"
William Cox,PhD,"Cybersecurity, SIEM, Penetration Testing, OWASP",6,"Cybersecurity expert proficient in Cybersecurity, SIEM, Penetration Testing, OWASP to protect organizational assets",Security Analyst,321.519.1607x10588,johnsonrichard@example.com,"cybersecurity expert proficient in cybersecurity, siem, penetration testing, owasp to protect organizational assets cybersecurity siem penetration testing owasp"
Christina Ford,PhD,"PowerShell, Bash",16,"Expert in system maintenance and troubleshooting using PowerShell, Bash",System Administrator,+1-878-539-4733x534,dannywilliams@example.net,"expert in system maintenance and troubleshooting using powershell, bash powershell bash"
Katherine Morris,M.Tech,"PowerShell, Networking",20,"Expert in system maintenance and troubleshooting using PowerShell, Networking",System Administrator,+1-446-856-6490x481,uchen@example.net,"expert in system maintenance and troubleshooting using powershell, networking powershell networking"
Rebecca Smith,B.E,"SQL, Excel",3,"Adept at transforming data into actionable insights using SQL, Excel with strong visualization skills",Data Analyst,001-565-613-1091x43181,hollywise@example.net,"adept at transforming data into actionable insights using sql, excel with strong visualization skills sql excel"
Leah Jackson,B.Tech,"Wireframing, Sketch",14,"Creative professional skilled in Wireframing, Sketch with strong user-centered design approach",UI/UX Designer,210.240.0437x52536,salinasaudrey@example.net,"creative professional skilled in wireframing, sketch with strong user-centered design approach wireframing sketch"
Carl Morris,MCA,"Python, Tableau, Excel, SQL",6,"Adept at transforming data into actionable insights using Python, Tableau, Excel, SQL with strong visualization skills",Data Analyst,463-643-8327x435,beantodd@example.org,"adept at transforming data into actionable insights using python, tableau, excel, sql with strong visualization skills python tableau excel sql"
Andrea Boyle,BCA,"Networking, Windows Server",9,"Expert in system maintenance and troubleshooting using Networking, Windows Server",System Administrator,200-924-1935x5669,leslie66@example.com,"expert in system maintenance and troubleshooting using networking, windows server networking windows server"
Michael Pearson,B.E,"JavaScript, MERN Stack, Python",6,"Proficient in both frontend and backend development using JavaScript, MERN Stack, Python to deliver complete solutions",Full Stack Developer,+1-475-615-3513x5268,stacyknox@example.org,"proficient in both frontend and backend development using javascript, mern stack, python to deliver complete solutions javascript mern stack python"
Donna Murray,BCA,"CI/CD, Kubernetes, Jenkins, Docker",19,"Experienced in implementing CI/CD pipelines and cloud infrastructure with CI/CD, Kubernetes, Jenkins, Docker",DevOps Engineer,+1-534-648-9118,simonsusan@example.com,"experienced in implementing ci/cd pipelines and cloud infrastructure with ci/cd, kubernetes, jenkins, docker ci/cd kubernetes jenkins docker"
Derek Lewis,PhD,"TestNG, Manual Testing, JUnit",10,"Detail-oriented professional skilled in TestNG, Manual Testing, JUnit ensuring software quality and reliability",QA Engineer,336.219.7889,kathleen57@example.net,"detail-oriented professional skilled in testng, manual testing, junit ensuring software quality and reliability testng manual testing junit"
Kimberly Owens,MCA,"Django, PHP, Node.js, Flask",6,"Specialized in building scalable server-side applications with Django, PHP, Node.js, Flask and database management",Backend Developer,001-252-580-2489x9080,crandall@example.com,"specialized in building scalable server-side applications with django, php, node.js, flask and database management django php node.js flask"
Charles Braun,B.E,"Kubernetes, Jenkins",13,"Experienced in implementing CI/CD pipelines and cloud infrastructure with Kubernetes, Jenkins",DevOps Engineer,918.578.8305x236,plong@example.net,"experienced in implementing ci/cd pipelines and cloud infrastructure with kubernetes, jenkins kubernetes jenkins"
Daniel Green,MBA,"JUnit, Cypress, Selenium, TestNG",17,"Detail-oriented professional skilled in JUnit, Cypress, Selenium, TestNG ensuring software quality and reliability",QA Engineer,805-649-9708,richardowens@example.org,"detail-oriented professional skilled in junit, cypress, selenium, testng ensuring software quality and reliability junit cypress selenium testng"
Robert Hayes,B.Tech,"TensorFlow, Keras",15,"Specialized in developing and deploying ML models using TensorFlow, Keras for real-world applications",Machine Learning Engineer,(247)638-3507x082,rhernandez@example.org,"specialized in developing and deploying ml models using tensorflow, keras for real-world applications tensorflow keras"
Donna Sanders,B.E,"Django, Ruby on Rails",12,"Specialized in building scalable server-side applications with Django, Ruby on Rails and database management",Backend Developer,001-771-957-6942x919,jesse70@example.org,"specialized in building scalable server-side applications with django, ruby on rails and database management django ruby on rails"
Lisa Rodriguez,M.Sc,"MERN Stack, MEAN Stack, JavaScript, Python",6,"Proficient in both frontend and backend development using MERN Stack, MEAN Stack, JavaScript, Python to deliver complete solutions",Full Stack Developer,+1-237-628-5372x35400,wrightjustin@example.org,"proficient in both frontend and backend development using mern stack, mean stack, javascript, python to deliver complete solutions mern stack mean stack javascript python"
Jessica Johnson,B.Tech,"Figma, Sketch, Wireframing, Adobe XD",8,"Creative professional skilled in Figma, Sketch, Wireframing, Adobe XD with strong user-centered design approach",UI/UX Designer,588.787.9639,john61@example.net,"creative professional skilled in figma, sketch, wireframing, adobe xd with strong user-centered design approach figma sketch wireframing adobe xd"
Melissa Gutierrez,B.Sc,"Jenkins, AWS, CI/CD",18,"Experienced in implementing CI/CD pipelines and cloud infrastructure with Jenkins, AWS, CI/CD",DevOps Engineer,+1-647-500-9072x113,wrightbenjamin@example.org,"experienced in implementing ci/cd pipelines and cloud infrastructure with jenkins, aws, ci/cd jenkins aws ci/cd"
Jason Gutierrez,B.E,"Jenkins, Kubernetes",17,"Experienced in implementing CI/CD pipelines and cloud infrastructure with Jenkins, Kubernetes",DevOps Engineer,903-968-3619x9005,oshaffer@example.org,"experienced in implementing ci/cd pipelines and cloud infrastructure with jenkins, kubernetes jenkins kubernetes"
Keith Avila,M.Sc,"Scikit-learn, PyTorch",15,"Specialized in developing and deploying ML models using Scikit-learn, PyTorch for real-world applications",Machine Learning Engineer,561-431-8386x6862,michellejones@example.org,"specialized in developing and deploying ml models using scikit-learn, pytorch for real-world applications scikit-learn pytorch"
Charles Clark,B.Sc,"Python, Java, C++, Hibernate",19,"Experienced in developing robust applications using Python, Java, C++, Hibernate with strong problem-solving skills",Software Developer,6647738531,twilson@example.org,"experienced in developing robust applications using python, java, c++, hibernate with strong problem-solving skills python java c++ hibernate"
Danielle Wright,MCA,"React Native, Flutter, Swift, Dart",10,"Experienced in building cross-platform mobile applications using React Native, Flutter, Swift, Dart",Mobile App Developer,+1-964-455-7934x040,haley29@example.com,"experienced in building cross-platform mobile applications using react native, flutter, swift, dart react native flutter swift dart"
Juan Mueller,BCA,"Python, Keras, Scikit-learn, PyTorch",19,"Specialized in developing and deploying ML models using Python, Keras, Scikit-learn, PyTorch for real-world applications",Machine Learning Engineer,+1-260-639-2830,munozgeorge@example.com,"specialized in developing and deploying ml models using python, keras, scikit-learn, pytorch for real-world applications python keras scikit-learn pytorch"
Jonathan Bolton,B.Sc,"CCNA, Firewalls, VPN",15,"Skilled in designing and maintaining network infrastructure with CCNA, Firewalls, VPN",Network Engineer,001-469-659-8551x0110,penningtoneric@example.com,"skilled in designing and maintaining network infrastructure with ccna, firewalls, vpn ccna firewalls vpn"
Parmar Govind,M.Tech,Python,12,"A results-driven Machine Learning Engineer with hands-on experience in designing, developing, and deploying machine learning models to solve real-world business problems. Skilled in data preprocessing, feature engineering, model selection, training, and performance optimization using Python, Scikit-learn, TensorFlow, and PyTorch. Proficient in working with large datasets, performing exploratory data analysis (EDA), and applying statistical and algorithmic approaches to drive insights and decisions. Experienced in building end-to-end ML pipelines, integrating models into production environments, and using MLOps tools for versioning and automation. Adept at collaborating with cross-functional teams, including data engineers and software developers, to deliver scalable and impactful AI solutions.",Machine Learning Engineer,6351699420,govindaparmar083@gmail.com,"A results-driven Machine Learning Engineer with hands-on experience in designing, developing, and deploying machine learning models to solve real-world business problems. Skilled in data preprocessing, feature engineering, model selection, training, and performance optimization using Python, Scikit-learn, TensorFlow, and PyTorch. Proficient in working with large datasets, performing exploratory data analysis (EDA), and applying statistical and algorithmic approaches to drive insights and decisions. Experienced in building end-to-end ML pipelines, integrating models into production environments, and using MLOps tools for versioning and automation. Adept at collaborating with cross-functional teams, including data engineers and software developers, to deliver scalable and impactful AI solutions.Python"
